scrp_date,scrp_time,genre_en,genre_jp,rank,media_jp,title,link,date_original
2026-07-29,23:48,TTL,総合,1,TBS NEWS DIG Powered by JNN,【冒頭全文】イオン吉田昭夫社長「死亡した方が、なぜ1時間館内にいたか我々としては認識しておりません」会見で避難状況を説明,https://news.yahoo.co.jp/articles/d9237bf9ab0cd53410a4a873237710c43a8e5d0f,7/29(水) 19:01
2026-07-29,23:48,TTL,総合,2,毎日新聞,イオンモールで不明の妻の「少しでも近くに」　現場で案ずる夫と子,https://news.yahoo.co.jp/articles/2a460cb4efdab107d774d3285b1ffb937e340a94,7/29(水) 21:59
2026-07-29,23:48,TTL,総合,3,TBS NEWS DIG Powered by JNN,バレー男子日本代表、準決勝進出！“完全アウェー”も中国に逆転勝利で無傷の13連勝【ネーションズリーグ】,https://news.yahoo.co.jp/articles/8c6e8a8f744d569245a3a0d101209bb15f0e015d,7/29(水) 22:35
2026-07-29,23:48,TTL,総合,4,まいどなニュース,「一瞬誰かと…」彦摩呂、30キロ近く減量した姿に反響　既製品の防護服が着られるとはしゃいで報告「素晴らしい」「芯の強い人に憧れます」,https://news.yahoo.co.jp/articles/fa60614df66d5de209d703dca482f8ddb58e1100,7/29(水) 19:55
2026-07-29,23:48,TTL,総合,5,テレビ朝日系（ANN）,【速報】熊本地震　イオンモール爆発事故の死者5人に　新たに女性2人の死亡を確認　地元消防,https://news.yahoo.co.jp/articles/99dead711477b3f829d16734558899886a3fbdc3,7/29(水) 21:06
2026-07-29,23:48,TTL,総合,6,ねとらぼ,スイカを3日放置→ぶくぶく泡を吹き始めたので、切ったら……「ひえええー!!」　まさかの中身に「こんなになるの!?」「鬼滅の刃かと」投稿者に話を聞いた,https://news.yahoo.co.jp/articles/3a64d57a2b7e1b845ac2dbf0d82350a4f943143f,7/29(水) 21:00
2026-07-29,23:48,TTL,総合,7,共同通信,爆発時、館内に従業員8人を把握とイオン,https://news.yahoo.co.jp/articles/6246d2330142291b2334a6d59f32656dab40f200,7/29(水) 19:05
2026-07-29,23:48,TTL,総合,8,FNNプライムオンライン,“金銭授受疑惑”で揺れる福岡県議会 自民会長が政治資金パーティー開催 震度7熊本地震発生も予定通り【福岡発】,https://news.yahoo.co.jp/articles/d0aa85bba5a6fcf657f1b60ac15d6a115e51ff36,7/29(水) 13:37
2026-07-29,23:48,TTL,総合,9,熊本ニュース KAB ONLINE,【速報】イオンモール熊本の爆発事故　死者5人に,https://news.yahoo.co.jp/articles/85be57cc184259d7e571c71356cc02cbde20ace5,7/29(水) 21:32
2026-07-29,23:48,TTL,総合,10,スポーツ報知,【球宴】中日・細川成也が球団では落合以来の２発でＭＶＰに「幸せです」と感無量　ホームランダービーでも初優勝,https://news.yahoo.co.jp/articles/343b12a69615314a5e67e7389c73f1f7420d4f07,7/29(水) 21:45
2026-07-29,23:48,TTL,総合,11,朝日新聞,八代市庁舎の免震構造が損傷　建て替えたばかり、工事では汚職事件も,https://news.yahoo.co.jp/articles/892fa8b29b7e0b1a35c315eac00b6045fbe1a701,7/29(水) 19:30
2026-07-29,23:48,TTL,総合,12,スポニチアネックス,C大阪MF香川真司がV弾演出でドルトムントに勝利　MF久保建英実弟・瑛史＆鷹啄も“デビュー”,https://news.yahoo.co.jp/articles/7fc28af13c796d2591f010bb06150c1119278023,7/29(水) 21:02
2026-07-29,23:48,TTL,総合,13,ENCOUNT,【VIVANT】眉なし＆スキンヘッド…インパクト大の“悪役”　人気芸人に酷似でネット困惑「出てる？」「違うの？」,https://news.yahoo.co.jp/articles/9dbb2a21d34439daa59ec1bdb6659e722268a8ea,7/29(水) 20:40
2026-07-29,23:48,TTL,総合,14,西スポWEB OTTO!,「そんなに見せて大丈夫？」電撃婚から半年〝大胆！白チューブトップ〟の長澤まさみに「激ヤセしたように感じる」「夫婦仲は？」雑誌登場に注目集まる,https://news.yahoo.co.jp/articles/f1566cd8864e518bc49609a2d2bcd52c94e75669,7/29(水) 22:50
2026-07-29,23:48,TTL,総合,15,MBC南日本放送,【倒産】パチンコ機器販売会社が破産開始決定 負債総額は約3500万円…遊戯人口の減少や規則改正が響く【東京商工リサーチ】,https://news.yahoo.co.jp/articles/6fe8b7e7c7ef345fad1db3fe783685045e2d4f68,7/29(水) 20:01
2026-07-29,23:48,TTL,総合,16,デイリースポーツ,バレー男子　日本代表がまさか第１セットを落とすも逆転で４強進出　第２セットから３連続で奪い返す　寧波の会場は完全アウェー状態も驚異の１３連勝,https://news.yahoo.co.jp/articles/4e61a84378f7b4ab881d95a4a902c0b5f11c33d2,7/29(水) 20:59
2026-07-29,23:48,TTL,総合,17,時事通信,声詰まらせ「爆発、想定しきれず」　一時避難完了も、悔しさにじませ　イオン社長・熊本震度7,https://news.yahoo.co.jp/articles/fa3ac083326f2554f87fe1f44ee28baa3604d93e,7/29(水) 21:14
2026-07-29,23:48,TTL,総合,18,スポニチアネックス,上重聡　PL学園エースがプロへ行かなかった理由「やっぱり…」　「お話をいただいた」球団名も明かす,https://news.yahoo.co.jp/articles/58d2ffc7dfbce8e88eab55bdb355e372cc63efe4,7/29(水) 21:04
2026-07-29,23:48,TTL,総合,19,theWORLD（ザ・ワールドWeb）,「日本なら夢にも思わないだろう！」イ・ガンイン移籍のアトレティコ　ラ・リーガ制覇なら韓国がアジア史上初の快挙と同国メディア「大偉業を達成する」,https://news.yahoo.co.jp/articles/5ba5795a798afc79dd455cf5085d1778585d7264,7/29(水) 19:00
2026-07-29,23:48,TTL,総合,20,ねとらぼ,【イオンモール熊本】猫カフェ、取り残されていた25匹すべての猫を救出「専門スタッフにより一頭一頭の健康状態の確認およびケア」,https://news.yahoo.co.jp/articles/8345a492f4eabbee58418a281d65d9e731aba2ee,7/29(水) 18:25
2026-07-29,23:48,TTL,総合,21,J-CASTニュース,イオンモール熊本、爆発前に約3000人の客の避難誘導完了「30分でほぼ」　SNS称賛「優秀すぎる」「日頃の教育の賜物」,https://news.yahoo.co.jp/articles/b0ff06058bfcd8a69cd81bc86a73eb90592daca6,7/29(水) 18:17
2026-07-29,23:48,TTL,総合,22,スポニチアネックス,ぱーてぃーちゃん信子の“別人級”すっぴん姿！　きょんちぃが公開　トリオ結成前は2人で“ギャルコンビ”,https://news.yahoo.co.jp/articles/31c12ef39b399a359d8946e087bea8d655826f9a,7/29(水) 15:22
2026-07-29,23:48,TTL,総合,23,デイリースポーツ,ＶＩＶＡＮＴ　消えた新庄→そういうことか！　公開された衝撃映像に驚き　東条（濱田岳）の「弱点デカい」は伏線か→追跡不能の理由　既に中東到着か、野崎変装説も,https://news.yahoo.co.jp/articles/64c1aa6dec0dfe093a922fa71d27c1aba33b9a3b,7/29(水) 17:55
2026-07-29,23:48,TTL,総合,24,日刊スポーツ,【球宴】ソフトバンク栗原陵矢「野球で元気を」熊本地震の支援表明　オフの取り組みにも意欲,https://news.yahoo.co.jp/articles/c8723bf180fec4cc39501bf7cec1810d32d99c63,7/29(水) 22:17
2026-07-29,23:48,TTL,総合,25,ほ・とせなNEWS,小4息子「“チ”付けてきてって言われた」母「チ？」学校の先生からお願いされたのは…「初耳ですw」衝撃の正体に「初めて聞きました」「知りませんでした！」,https://news.yahoo.co.jp/articles/f921863d9ea9d6f998bc73da2da7dead70278f5c,7/29(水) 20:00
2026-07-29,23:48,TTL,総合,26,映画チャンネル,"『VIVANT』黒須はわざと捕まった？ 第11話で乃木が繰り返した""意味深セリフ""の真意を考察。3つの伏線を解説",https://news.yahoo.co.jp/articles/d124613a29c82deefcb0aafb4639a6871169a0c4,7/29(水) 20:10
2026-07-29,23:48,TTL,総合,27,テレビ朝日系（ANN）,「イオンモール熊本」新たに年齢不明の女性2人死亡　爆発事故による死者は5人に,https://news.yahoo.co.jp/articles/451e0d931775987eb45862319f0a00daf5ef8f30,7/29(水) 21:12
2026-07-29,23:48,TTL,総合,28,弁護士JPニュース,タイミーの保育士「直前キャンセル」され“賃金ゼロ”⇒労基署の指導で“休業手当”支払われる…「物価高騰が続くなか、死活問題」,https://news.yahoo.co.jp/articles/523169a841951fce11593c9209d6c93cd715a770,7/29(水) 18:03
2026-07-29,23:48,TTL,総合,29,ファイナンシャルフィールド,総額「150万円」かけて太陽光パネルを設置したのに「屋根に載せただけで固定資産税が高くなる」と聞いてモヤモヤ…。節電のために設置したのに、本当に税金まで高くなるのでしょうか？,https://news.yahoo.co.jp/articles/21ac6364b06ed12eeec567cd9e2ed5f5829c2c32,7/29(水) 19:50
2026-07-29,23:48,TTL,総合,30,スポニチアネックス,丸亀製麺、キャンペーンの中止を発表「直前のご案内となりお詫び申し上げます」,https://news.yahoo.co.jp/articles/ad5316b092b183796b1ec6d523dbcd7918fc4ff7,7/29(水) 15:26
2026-07-29,23:48,TTL,総合,31,ENCOUNT,オカリナ、番組の演出で男性とキス　激怒したファンが殺害予告「劇場出る時おびえました」,https://news.yahoo.co.jp/articles/84eddcb7a92a1df761e0fafc3b4aca774dbf5060,7/29(水) 18:40
2026-07-29,23:48,TTL,総合,32,ねとらぼ,女性が“用水路の穴”にエサを落としたら……　「驚いちゃいますよ」「凄い」「大漁ですね」「すごく貴重」,https://news.yahoo.co.jp/articles/69265b7b3f37bdd507a5118a3f964d03ea69b211,7/29(水) 22:00
2026-07-29,23:48,TTL,総合,33,スポーツ報知,元夫はプロ野球監督　５４歳美魔女モデルの顔アップ！「圧倒的な美しさ」と騒然…大河内志保に「うっとり」,https://news.yahoo.co.jp/articles/68fa8c6f7676471f0e32dd29b848f1066f3d7832,7/29(水) 17:55
2026-07-29,23:48,TTL,総合,34,CoCoKARAnext,「年俸98億で怠惰なベースランニング」ドジャース29歳外野手の“走塁ミス”に米ため息「ロバーツ監督は不満そうだった」,https://news.yahoo.co.jp/articles/a718d81736fa7fbd9b8a7a5a18226e81c934b5ef,7/29(水) 18:38
2026-07-29,23:48,TTL,総合,35,スポニチアネックス,橋下徹氏　爆発事故を受け即会見のイオンを評価「今分かっていることをとにかく言って」,https://news.yahoo.co.jp/articles/dd06bd87fb5c6b04a092c2b8ef62fa74f97bca3d,7/29(水) 15:41
2026-07-29,23:48,TTL,総合,36,J-CASTニュース,熊本市長「震度7」を知ったのは東シナ海上空　「とにかく何としても市役所に戻り」空港閉鎖でも示した執念,https://news.yahoo.co.jp/articles/f07b3bbbb66c982c4f3288a092e6dcfd347f8b43,7/29(水) 17:30
2026-07-29,23:48,TTL,総合,37,デイリースポーツ,熊本入りの「報ステ」大越キャスター　放送中に震度５弱地震→「かなりグラグラと大きく揺れました」ヘルメット姿で伝える,https://news.yahoo.co.jp/articles/5a5f2916625071a80cd295c569ca8a7fd5d97004,7/29(水) 22:31
2026-07-29,23:48,TTL,総合,38,西スポWEB OTTO!,「何もかも吹き飛んでる」イオンモール熊本の内部映像を公開、ドローンでの撮影に「これは入れんわ」「一瞬でここまでの廃墟になるなんて…」,https://news.yahoo.co.jp/articles/33c41f55c0a00e08d75549a1f41148f53c528357,7/29(水) 22:01
2026-07-29,23:48,TTL,総合,39,OBS大分放送,岩屋毅前外相が高市政権への苦言連発　国旗損壊罪、副首都法、皇室典範改正、消費減税、対中外交…「右へならえの自民党では国を誤る」,https://news.yahoo.co.jp/articles/489aa367511afc976a4bc15543d58b4404d91ac1,7/29(水) 14:35
2026-07-29,23:48,TTL,総合,40,スポニチアネックス,宮迫博之、現在の主な収入源とは？「闇営業で干されてしまった人間が…」,https://news.yahoo.co.jp/articles/b52f046eddf737c34a978c3dd75205ca8f4dd6d6,7/29(水) 20:16
